<?xml version="1.0" encoding="utf-8"?>
<rss version="2.0" xmlns:sparkle="http://www.andymatuschak.org/xml-namespaces/sparkle" xmlns:dc="http://purl.org/dc/elements/1.1/">
  <channel>
    <title>Maccy</title>
    <link>https://raw.githubusercontent.com/p0deje/Maccy/master/appcast.xml</link>
    <description>Most recent changes with links to updates.</description>
    <language>en</language>
    <item>
      <title>0.27.1</title>
      <description>
        <![CDATA[
          <ul>
            <li>Fixed an issue when cursor would not highlight history items on macOS Ventura (#611).</li>
          </ul>
        ]]>
      </description>
      <pubDate>2023-09-27</pubDate>
      <releaseNotesLink>https://github.com/p0deje/Maccy/releases/tag/0.27.1</releaseNotesLink>
      <sparkle:minimumSystemVersion>10.14</sparkle:minimumSystemVersion>
      <enclosure
        url="https://github.com/p0deje/Maccy/releases/download/0.27.1/Maccy.app.zip"
        sparkle:version="22"
        sparkle:shortVersionString="0.27.1"
        length="0"
        type="application/octet-stream"
      />
    </item>
  </channel>
</rss>
